"","ID","SEX","DOB_MONTH","DOB_DAY","DOB_YEAR","REGOFF","STATE"
"1",263,"F",2,4,11,31,53
"2",319,"F",5,20,15,31,3
"3",368,"M",3,16,7,31,37
"4",418,"F",9,9,15,31,35
"5",419,"F",3,14,19,31,28
"6",421,"F",12,23,18,31,53
"7",422,"F",8,3,18,31,28
"8",424,"F",3,11,12,31,28
"9",429,"F",11,8,6,31,53
"10",431,"M",5,20,9,31,53
"11",433,"F",4,27,14,31,53
"12",434,"F",4,25,12,31,53
"13",435,"F",4,22,13,31,6
"14",439,"F",10,5,14,31,6
"15",441,"M",8,22,9,31,53
"16",442,"F",8,24,2,31,53
"17",444,"F",12,13,17,31,3
"18",445,"M",12,11,17,31,46
"19",474,"M",7,23,18,31,3
"20",482,"F",1,23,7,31,35
"21",483,"F",11,21,17,31,35
"22",552,"F",2,8,5,31,28
"23",591,"M",5,1,2,31,28
"24",600,"F",8,23,11,31,3
"25",682,"F",7,23,18,31,3
"26",922,"M",12,4,7,31,6
"27",1085,"M",2,9,19,31,3
"28",1126,"F",11,23,4,31,6
"29",1273,"F",7,16,8,31,3
"30",1394,"F",10,17,16,31,3
"31",1678,"F",5,9,16,31,3
"32",1748,"F",1,19,18,31,6
"33",1774,"F",7,12,17,31,3
"34",1855,"F",3,7,19,31,3
"35",1891,"M",2,17,12,31,3
"36",2074,"F",5,12,8,31,3
"37",2307,"M",11,26,9,31,3
"38",2564,"F",4,13,4,31,53
"39",2632,"M",12,29,18,31,3
"40",2828,"M",4,15,17,31,3
"41",3020,"F",10,8,7,31,3
"42",3049,"F",10,1,10,31,3
"43",3255,"M",5,10,14,31,3
"44",3304,"F",11,1,17,31,3
"45",3459,"M",5,18,17,31,6
"46",3875,"F",4,10,8,31,37
"47",3996,"M",12,1,17,31,6
"48",4100,"F",5,24,17,31,3
"49",4204,"F",3,30,18,31,3
"50",4331,"F",4,11,10,31,3
"51",4348,"F",9,4,13,31,46
"52",4601,"F",11,17,99,31,6
"53",4671,"M",11,15,15,31,6
"54",4674,"F",10,22,18,31,5
"55",4790,"F",8,11,3,31,3
"56",5063,"M",2,2,19,31,37
"57",5221,"F",1,22,19,31,37
"58",5274,"F",3,13,19,31,3
"59",5400,"F",12,15,95,31,3
"60",5612,"M",4,21,18,31,3
"61",6069,"F",4,23,18,31,3
"62",6450,"F",1,12,6,31,3
"63",6453,"M",10,14,5,31,3
"64",6588,"F",6,9,17,31,28
"65",6607,"F",11,7,97,31,3
"66",6691,"F",7,6,10,31,3
"67",6856,"M",12,1,13,31,3
"68",6961,"M",8,17,94,31,3
"69",7174,"M",2,17,19,31,53
"70",7225,"F",2,15,18,31,3
"71",7318,"F",7,28,10,31,39
"72",7485,"M",5,26,18,31,3
"73",7493,"F",6,30,14,31,3
"74",7497,"F",11,29,18,31,28
"75",7504,"M",4,23,18,31,3
"76",7980,"F",8,6,11,31,3
"77",8190,"F",2,17,6,31,3
"78",8203,"M",5,13,11,31,3
"79",8357,"F",6,24,12,31,3
"80",10253,"F",9,13,1,31,3
"81",10361,"M",12,6,16,31,3
"82",10433,"F",7,1,18,31,3
"83",10479,"M",8,22,17,31,3
"84",10647,"F",12,27,18,31,37
"85",10659,"F",2,18,18,31,3
"86",10774,"M",4,6,14,31,3
"87",10846,"F",5,4,9,31,3
"88",10878,"F",3,6,10,31,6
"89",10928,"F",5,12,18,31,3
"90",11080,"M",2,18,0,31,3
"91",11140,"M",12,1,18,31,43
"92",11163,"M",1,16,19,31,3
"93",11206,"F",10,20,18,31,3
"94",11273,"F",6,27,15,31,3
"95",11331,"M",4,11,7,31,3
"96",11399,"F",12,9,15,31,3
"97",11537,"F",12,14,16,31,3
"98",11611,"M",9,19,11,31,3
"99",11849,"M",12,2,16,31,53
"100",11856,"F",6,13,13,31,7
"101",11880,"F",3,14,14,31,3
"102",12049,"M",2,2,15,31,6
"103",12061,"F",9,11,17,31,3
"104",12079,"F",4,12,95,31,6
"105",12143,"F",12,29,16,31,6
"106",12193,"F",1,10,10,31,37
"107",12264,"F",1,25,14,31,37
"108",12431,"F",12,7,9,31,3
"109",12527,"M",3,20,16,31,3
"110",12546,"F",3,25,15,31,6
"111",12575,"F",2,28,11,31,3
"112",12602,"F",2,25,95,31,6
"113",12603,"F",8,19,7,31,3
"114",12620,"F",3,15,18,31,3
"115",12635,"M",7,1,15,31,6
"116",12642,"F",4,30,12,31,3
"117",12653,"F",7,27,13,31,3
"118",12657,"F",4,24,12,31,6
"119",12725,"F",10,1,16,31,3
"120",12818,"M",9,21,9,31,6
"121",12820,"M",9,26,17,31,3
"122",12862,"M",6,29,9,31,3
"123",13036,"M",12,6,13,31,3
"124",13088,"M",8,14,17,31,3
"125",13108,"F",11,22,18,31,3
"126",13171,"F",1,29,15,31,6
"127",13185,"M",4,18,17,31,3
"128",13268,"F",9,14,11,31,3
"129",13298,"F",12,16,13,31,3
"130",13353,"F",3,4,18,31,37
"131",13397,"M",6,25,17,31,3
"132",13431,"M",7,17,18,31,3
"133",13458,"F",6,17,17,31,3
"134",13580,"F",6,15,18,31,6
"135",13640,"F",6,24,14,31,3
"136",13740,"M",10,9,11,31,3
"137",13741,"F",3,28,15,31,3
"138",13905,"M",2,20,19,31,3
"139",14036,"F",3,14,94,31,3
"140",14062,"F",1,18,11,31,3
"141",14091,"M",7,2,17,31,3
"142",14162,"F",5,1,13,31,3
"143",14219,"M",8,22,17,31,3
"144",14308,"F",5,21,4,31,3
"145",14342,"M",2,23,12,31,3
"146",14453,"F",10,16,14,31,3
"147",14565,"F",11,19,11,31,3
"148",14598,"F",5,5,12,31,3
"149",14675,"M",10,20,18,31,3
"150",14725,"M",2,11,14,31,3
"151",14767,"M",5,11,12,31,28
"152",14833,"F",12,2,18,31,3
"153",15150,"F",6,23,12,31,3
"154",15540,"F",1,6,18,31,6
"155",15918,"M",4,23,18,31,3
"156",16254,"M",11,11,17,31,53
"157",16872,"F",3,16,9,31,53
"158",17437,"F",1,28,13,31,37
"159",17465,"F",8,25,11,31,37
"160",17596,"M",2,1,14,31,3
"161",17774,"F",8,31,13,31,5
"162",17911,"F",7,3,10,31,37
"163",17912,"M",3,11,14,31,38
"164",17922,"F",7,20,18,31,37
"165",17926,"F",8,18,12,31,37
"166",17930,"F",3,27,98,31,37
"167",17935,"F",7,22,16,31,37
"168",17938,"F",9,4,13,31,37
"169",17950,"M",6,1,16,31,6
"170",17962,"F",7,22,89,31,37
"171",17992,"M",4,15,11,31,37
"172",17993,"M",1,29,0,31,37
"173",17995,"M",6,6,12,31,37
"174",17996,"F",7,30,11,31,3
"175",17999,"F",6,30,7,31,37
"176",18006,"M",1,12,8,31,37
"177",18007,"M",6,2,15,31,37
"178",18014,"F",5,7,17,31,37
"179",18016,"F",5,2,9,31,37
"180",18021,"F",12,24,16,31,37
"181",18024,"M",9,21,18,31,37
"182",18026,"M",1,8,17,31,3
"183",18034,"F",12,1,17,31,37
"184",18037,"M",5,4,12,31,37
"185",18058,"M",8,28,17,31,37
"186",18060,"F",10,12,9,31,37
"187",18072,"M",8,27,5,31,37
"188",18079,"F",7,30,4,31,37
"189",18088,"F",6,13,18,31,3
"190",18094,"M",1,27,18,31,37
"191",18095,"F",8,20,3,31,37
"192",18097,"F",1,20,4,31,37
"193",18106,"M",2,19,19,31,37
"194",18174,"F",12,21,17,31,37
"195",18177,"F",6,20,18,31,37
"196",18636,"F",4,27,8,31,37
"197",18688,"M",12,15,15,31,3
"198",18859,"F",11,24,15,31,6
"199",18868,"F",4,2,6,31,6
"200",18877,"M",1,5,12,31,37
"201",18930,"F",11,8,17,31,45
"202",18940,"F",6,29,6,31,37
"203",19081,"M",7,10,17,31,3
"204",19364,"F",1,31,2,31,6
"205",19522,"M",12,5,16,31,3
"206",19594,"F",3,22,11,31,3
"207",19623,"F",11,28,9,31,37
"208",19696,"F",6,17,7,31,6
"209",19767,"F",2,6,10,31,45
"210",19854,"F",6,4,13,31,3
"211",19875,"M",12,1,17,31,3
"212",19890,"F",9,8,13,31,3
"213",19985,"F",3,10,5,31,28
"214",20013,"M",5,5,18,31,27
"215",20020,"F",3,8,18,31,3
"216",20232,"F",10,31,6,31,3
"217",20262,"F",4,17,6,31,17
"218",20272,"M",4,1,17,31,53
"219",20276,"F",5,28,15,31,3
"220",20318,"F",7,31,18,31,28
"221",20363,"M",11,30,18,31,17
"222",20384,"M",7,1,8,31,3
"223",20402,"M",3,29,6,31,3
"224",20413,"F",12,29,10,31,53
"225",20417,"M",2,3,8,31,6
"226",20420,"M",11,18,18,31,3
"227",20427,"F",5,10,14,31,3
"228",20439,"F",11,27,11,31,53
"229",20443,"F",8,24,11,31,3
"230",20457,"M",4,23,18,31,6
"231",20476,"M",4,1,12,31,28
"232",20480,"F",10,25,18,31,3
"233",20516,"F",6,5,17,31,3
"234",20521,"F",7,14,17,31,3
"235",20544,"F",2,18,8,31,3
"236",20550,"F",5,16,10,31,37
"237",20625,"F",7,7,18,31,3
"238",20641,"M",10,18,14,31,3
"239",20686,"M",7,12,15,31,6
"240",20771,"F",7,26,16,31,3
"241",20840,"M",11,20,17,31,3
"242",20867,"M",5,1,11,31,3
"243",20885,"M",10,17,11,31,6
"244",21061,"M",1,5,18,31,3
"245",21077,"F",5,11,7,31,3
"246",21098,"M",8,25,12,31,3
"247",21110,"F",3,25,11,31,3
"248",21111,"F",10,18,98,31,6
"249",21155,"M",10,25,10,31,17
"250",21164,"F",5,27,16,31,46
"251",21404,"M",7,17,17,31,3
"252",21429,"M",7,5,17,31,35
"253",21431,"M",5,7,14,31,35
"254",21432,"F",8,1,16,31,35
"255",21435,"M",8,12,17,31,35
"256",21436,"F",5,18,14,31,35
"257",21437,"M",9,1,15,31,35
"258",21438,"F",10,14,17,31,35
"259",21442,"F",1,19,18,31,28
"260",21446,"M",9,27,17,31,35
"261",21448,"F",8,1,5,31,50
"262",21450,"F",3,7,4,31,35
"263",21454,"F",2,23,96,31,35
"264",21459,"M",10,27,15,31,35
"265",21464,"M",7,19,12,31,35
"266",21465,"F",1,2,18,31,35
"267",21466,"M",7,9,17,31,35
"268",21467,"F",12,30,11,31,35
"269",21469,"M",1,23,99,31,35
"270",21470,"F",2,26,5,31,35
"271",21474,"F",3,7,1,31,35
"272",21475,"F",11,22,12,31,35
"273",21476,"F",12,25,14,31,35
"274",21477,"F",12,3,15,31,35
"275",21479,"F",3,9,15,31,35
"276",21480,"M",1,16,18,31,35
"277",21481,"F",3,30,17,31,35
"278",21482,"M",6,27,17,31,35
"279",21483,"M",12,13,18,31,35
"280",21486,"M",2,12,16,31,3
"281",21487,"F",9,17,17,31,35
"282",21490,"M",4,7,17,31,35
"283",21491,"F",9,25,12,31,35
"284",21495,"F",7,17,12,31,35
"285",21498,"F",8,20,14,31,35
"286",21501,"M",2,9,14,31,35
"287",21502,"M",9,24,18,31,35
"288",21505,"M",5,3,14,31,35
"289",21509,"F",8,15,12,31,35
"290",21510,"M",8,7,11,31,35
"291",21514,"F",9,17,17,31,35
"292",21524,"F",5,10,7,31,35
"293",21531,"F",7,17,18,31,6
"294",21534,"M",5,22,97,31,53
"295",21535,"F",6,10,4,31,53
"296",21551,"F",1,20,17,31,3
"297",21552,"M",10,17,13,31,3
"298",21565,"F",7,12,7,31,28
"299",21571,"M",5,17,13,31,53
"300",21578,"F",9,24,18,31,6
"301",21579,"M",1,7,13,31,28
"302",21580,"M",12,13,16,31,28
"303",21581,"F",5,6,17,31,28
"304",21583,"F",8,24,5,31,28
"305",21586,"F",8,13,3,31,28
"306",21590,"F",5,18,17,31,28
"307",21596,"F",1,31,5,31,28
"308",21598,"M",10,18,17,31,28
"309",21601,"M",5,26,13,31,28
"310",21607,"F",1,24,19,31,28
"311",21611,"F",4,27,94,31,28
"312",21614,"M",12,24,5,31,28
"313",21615,"F",7,31,18,31,28
"314",21617,"F",8,17,9,31,28
"315",21624,"F",10,2,18,31,6
"316",21626,"F",2,6,7,31,28
"317",21637,"F",12,2,14,31,6
"318",21638,"F",3,22,19,31,46
"319",21639,"F",5,28,18,31,28
"320",21647,"F",1,10,14,31,3
"321",21649,"F",9,4,18,31,28
"322",21650,"M",3,25,13,31,28
"323",21656,"F",3,1,18,31,28
"324",21658,"F",4,8,18,31,28
"325",21660,"F",11,12,9,31,28
"326",21661,"F",7,10,8,31,6
"327",21671,"F",4,13,13,31,28
"328",21672,"F",4,17,14,31,28
"329",21673,"F",9,19,2,31,28
"330",21677,"F",6,23,13,31,28
"331",21678,"F",11,16,7,31,28
"332",21682,"M",10,20,17,31,28
"333",21685,"M",8,5,11,31,28
"334",21690,"M",6,1,18,31,3
"335",21696,"F",2,18,18,31,28
"336",21697,"F",10,2,18,31,53
"337",21702,"F",10,13,2,31,3
"338",21710,"F",1,21,17,31,28
"339",21712,"M",7,9,13,31,28
"340",21717,"M",10,29,16,31,28
"341",21719,"F",12,3,9,31,53
"342",21730,"F",11,8,3,31,28
"343",21732,"M",10,24,5,31,28
"344",21734,"M",1,14,17,31,28
"345",21735,"F",3,28,11,31,28
"346",21737,"M",2,17,11,31,28
"347",21738,"F",7,16,9,31,28
"348",21740,"M",4,30,5,31,28
"349",21744,"F",6,19,18,31,28
"350",21747,"F",8,19,6,31,28
"351",21755,"F",1,31,11,31,28
"352",21759,"F",9,26,98,31,28
"353",21765,"F",7,22,17,31,28
"354",21769,"F",2,11,19,31,28
"355",21772,"F",11,29,96,31,28
"356",21777,"F",12,4,6,31,28
"357",21782,"F",1,4,12,31,28
"358",21783,"F",3,18,16,31,28
"359",21787,"M",12,7,8,31,28
"360",21789,"M",7,30,14,31,28
"361",21793,"F",9,17,17,31,28
"362",21796,"F",3,2,14,31,28
"363",21797,"M",1,29,4,31,28
"364",21798,"F",9,23,8,31,28
"365",21802,"M",12,21,6,31,28
"366",21803,"M",9,5,5,31,28
"367",21843,"M",5,8,12,31,3
"368",21860,"F",10,10,13,31,4
"369",21864,"M",6,4,6,31,6
"370",21897,"F",5,9,12,31,6
"371",21922,"F",11,13,18,31,3
"372",21927,"F",12,6,9,31,17
"373",21945,"M",4,20,17,31,53
"374",21951,"F",7,24,17,31,6
"375",21966,"F",7,13,17,31,37
"376",22042,"F",7,27,12,31,35
"377",22046,"F",10,11,18,31,35
"378",22089,"F",5,1,18,31,3
"379",22145,"F",6,13,14,31,46
"380",22171,"M",5,12,12,31,46
"381",22199,"F",8,3,13,31,46
"382",22212,"F",7,10,18,31,46
"383",22221,"F",4,21,7,31,6
"384",22230,"M",3,30,11,31,53
"385",22236,"M",1,6,14,31,53
"386",22239,"F",9,26,14,31,53
"387",22245,"M",8,14,15,31,6
"388",22247,"F",12,16,11,31,3
"389",22248,"F",3,10,19,31,53
"390",22250,"F",2,9,19,31,53
"391",22253,"F",7,12,15,31,53
"392",22256,"F",2,4,16,31,53
"393",22257,"F",11,7,11,31,53
"394",22258,"F",10,12,16,31,53
"395",22259,"F",2,6,7,31,53
"396",22268,"F",9,15,8,31,53
"397",22273,"F",7,18,7,31,53
"398",22276,"F",11,15,9,31,53
"399",22278,"F",5,16,3,31,53
"400",22291,"M",9,11,12,31,6
"401",22295,"F",1,9,18,31,6
"402",22303,"F",2,10,12,31,6
"403",22312,"M",10,30,7,31,28
"404",22322,"M",1,24,16,31,37
"405",22326,"F",7,7,18,31,6
"406",22328,"M",10,28,11,31,6
"407",22333,"M",11,3,9,31,6
"408",22335,"F",6,6,12,31,3
"409",22338,"M",10,13,14,31,6
"410",22339,"F",11,20,10,31,6
"411",22341,"F",12,24,18,31,53
"412",22343,"F",1,21,12,31,53
"413",22344,"F",7,11,17,31,53
"414",22358,"M",9,17,12,31,3
"415",22362,"F",9,23,1,31,6
"416",22370,"M",7,18,16,31,6
"417",22373,"F",10,28,15,31,6
"418",22376,"M",3,30,9,31,6
"419",22380,"M",12,3,16,31,37
"420",22382,"M",6,24,17,31,53
"421",22383,"M",4,16,15,31,3
"422",22385,"F",7,16,12,31,6
"423",22389,"F",5,14,6,31,6
"424",22390,"F",2,1,8,31,6
"425",22392,"F",5,3,99,31,3
"426",22399,"M",1,11,4,31,6
"427",22404,"M",6,27,17,31,6
"428",22405,"M",11,26,18,31,6
"429",22406,"F",5,2,18,31,3
"430",22407,"F",5,19,17,31,6
"431",22412,"M",7,1,12,31,53
"432",22415,"F",4,10,17,31,6
"433",22416,"F",8,11,18,31,6
"434",22423,"F",6,4,5,31,6
"435",22429,"F",12,1,12,31,6
"436",22435,"F",4,11,17,31,3
"437",22458,"M",11,9,2,31,6
"438",22475,"F",12,16,18,31,3
"439",22478,"F",9,19,17,31,3
"440",22480,"F",9,28,3,31,3
"441",22484,"F",6,28,16,31,3
"442",22486,"M",4,5,15,31,3
"443",22487,"F",6,14,12,31,3
"444",22491,"M",3,5,17,31,3
"445",22492,"M",1,9,15,31,3
"446",22494,"F",6,1,16,31,3
"447",22495,"M",7,21,3,31,3
"448",22497,"F",9,20,88,31,3
"449",22499,"M",12,30,17,31,3
"450",22500,"F",12,9,12,31,3
"451",22512,"M",5,31,18,31,3
"452",22517,"F",9,22,99,31,3
"453",22518,"F",10,15,11,31,3
"454",22519,"F",12,17,13,31,3
"455",22523,"F",3,27,19,31,3
"456",22524,"F",7,31,9,31,3
"457",22528,"F",4,27,7,31,3
"458",22530,"F",4,24,1,31,3
"459",22537,"F",3,26,16,31,3
"460",22543,"M",12,16,18,31,3
"461",22544,"F",3,2,18,31,3
"462",22548,"M",3,11,18,31,3
"463",22559,"F",12,11,3,31,3
"464",22560,"F",9,28,18,31,3
"465",22561,"F",4,13,17,31,3
"466",22570,"F",3,13,18,31,3
"467",22581,"F",2,10,98,31,3
"468",22586,"M",4,30,13,31,46
"469",22588,"F",2,7,19,31,46
"470",22591,"M",8,27,13,31,46
"471",22592,"M",3,7,13,31,3
"472",22593,"F",7,29,14,31,46
"473",22597,"M",4,15,18,31,46
"474",22598,"F",9,28,13,31,46
"475",22600,"M",10,7,16,31,46
"476",22603,"M",6,24,14,31,46
"477",22606,"M",11,10,8,31,46
"478",22607,"F",3,8,19,31,46
"479",22609,"F",4,12,4,31,46
"480",22610,"F",3,11,19,31,46
"481",22612,"F",5,24,99,31,46
"482",22617,"F",6,15,18,31,46
"483",22618,"F",2,21,9,31,46
"484",22619,"F",7,16,10,31,46
"485",22621,"F",7,11,10,31,46
"486",22623,"F",2,2,10,31,46
"487",22624,"F",2,22,13,31,46
"488",22628,"M",4,20,17,31,46
"489",22630,"F",11,23,11,31,46
"490",22635,"F",3,14,3,31,46
"491",22636,"F",6,4,15,31,46
"492",22641,"M",8,21,18,31,46
"493",22645,"F",7,31,17,31,46
"494",22646,"M",3,13,13,31,46
"495",22650,"F",12,15,96,31,46
"496",22654,"F",9,16,9,31,46
"497",22655,"M",1,18,16,31,46
"498",22656,"F",4,18,17,31,46
"499",22659,"F",2,21,14,31,46
"500",22660,"F",10,8,15,31,46
"501",22662,"F",4,25,11,31,46
"502",22663,"M",8,20,16,31,46
"503",22667,"M",1,12,18,31,46
"504",22670,"M",1,17,17,31,46
"505",22673,"M",9,12,17,31,46
"506",22674,"F",3,14,97,31,46
"507",22675,"M",7,23,16,31,46
"508",22676,"M",8,13,6,31,46
"509",22678,"M",1,29,11,31,46
"510",22679,"M",8,29,18,31,46
"511",22680,"M",7,5,15,31,46
"512",22682,"F",1,9,16,31,46
"513",22684,"F",5,31,18,31,46
"514",22686,"F",11,8,14,31,46
"515",22689,"M",11,25,11,31,46
"516",22690,"F",6,13,9,31,46
"517",22693,"F",4,12,4,31,46
"518",22698,"F",3,5,13,31,46
"519",22699,"F",2,4,14,31,46
"520",22703,"F",9,28,17,31,46
"521",22704,"F",2,28,19,31,46
"522",22705,"M",11,21,14,31,46
"523",22707,"F",1,23,16,31,3
"524",22760,"M",8,11,15,31,5
"525",22890,"F",12,11,4,31,3
"526",22903,"F",1,26,15,31,53
"527",22911,"M",4,21,6,31,3
"528",23029,"F",10,16,16,31,27
"529",23053,"M",2,24,12,31,28
"530",23072,"F",8,24,7,31,5
"531",23127,"M",8,18,17,31,53
"532",23139,"F",4,26,17,31,3
"533",23256,"F",5,6,9,31,3
"534",23527,"M",1,17,8,31,3
"535",23540,"F",11,4,0,31,46
"536",23576,"F",10,8,10,31,6
"537",23588,"M",12,30,11,31,3
"538",23639,"M",5,29,18,31,3
"539",23708,"F",12,11,9,31,3
"540",23746,"F",7,16,11,31,3
"541",23748,"F",7,14,13,31,3
"542",23758,"M",4,9,16,31,3
"543",23769,"F",8,31,9,31,5
"544",23806,"F",6,26,12,31,37
"545",23831,"F",9,5,13,31,6
"546",23833,"F",6,25,5,31,3
"547",23839,"M",11,26,17,31,3
"548",23872,"F",3,3,16,31,28
"549",23893,"F",11,3,18,31,5
"550",23901,"F",6,28,17,31,46
"551",23936,"F",12,23,16,31,17
"552",23952,"F",1,14,7,31,3
"553",23955,"F",10,13,13,31,3
"554",23975,"F",3,29,14,31,5
"555",23976,"M",3,26,18,31,3
"556",23977,"M",9,14,11,31,3
"557",24045,"M",12,13,18,31,3
"558",24076,"F",8,30,16,31,6
"559",24141,"F",4,7,5,31,3
"560",24147,"M",12,4,17,31,46
"561",24189,"M",4,19,18,31,3
"562",24243,"M",6,6,17,31,3
"563",24248,"F",11,17,14,31,35
"564",24338,"F",6,18,17,31,3
"565",24364,"F",6,6,15,31,53
"566",24384,"M",8,8,11,31,3
"567",24394,"F",11,3,14,31,3
"568",24395,"M",11,17,13,31,3
"569",24414,"M",2,4,13,31,3
"570",24432,"F",2,24,8,31,3
"571",24447,"M",7,26,14,31,3
"572",24499,"F",11,11,6,31,46
"573",24559,"M",12,22,10,31,3
"574",24699,"F",2,19,19,31,46
"575",24700,"M",5,17,18,31,46
"576",24706,"M",12,15,17,31,3
"577",24711,"M",2,15,18,31,3
"578",24717,"M",9,27,6,31,53
"579",24751,"F",8,6,14,31,53
"580",24812,"F",12,31,14,31,3
"581",24861,"F",4,2,4,31,46
"582",24888,"F",3,1,17,31,6
"583",24925,"F",6,15,17,31,3
"584",25160,"M",10,1,12,31,3
"585",25219,"M",4,16,17,31,6
"586",25299,"F",4,3,17,31,6
"587",25310,"M",4,14,14,31,53
"588",25314,"M",11,25,17,31,46
"589",25374,"F",3,19,19,31,3
"590",25391,"M",6,11,16,31,3
"591",25476,"F",5,23,20,31,46
"592",25482,"M",8,16,20,31,3
"593",25521,"F",4,25,19,31,3
"594",25558,"M",4,11,21,31,6
"595",25622,"F",3,7,20,31,3
"596",25739,"F",3,10,23,31,37
"597",25744,"M",3,7,21,31,3
"598",25746,"M",8,29,21,31,50
"599",25800,"M",6,14,20,31,3
"600",25851,"M",12,18,21,31,3
"601",25969,"F",8,10,22,31,5
"602",26091,"M",11,29,20,31,3
"603",26104,"F",2,26,20,31,3
"604",26110,"F",7,1,21,31,3
"605",26137,"M",7,29,21,31,3
"606",26213,"M",5,20,19,31,37
"607",26312,"M",11,16,19,31,3
"608",26458,"M",1,13,21,31,3
"609",26488,"F",5,25,20,31,53
"610",26703,"F",11,2,19,31,3
"611",27318,"M",4,10,20,31,3
"612",27338,"F",5,25,21,31,3
"613",27339,"F",1,5,21,31,6
"614",27364,"F",11,9,22,31,3
"615",27417,"M",8,15,20,31,3
"616",27546,"F",5,28,22,31,3
"617",27562,"F",4,7,22,31,3
"618",27595,"F",10,18,22,31,3
"619",27720,"F",9,6,21,31,3
"620",27725,"M",3,16,22,31,3
"621",27829,"F",11,25,20,31,3
"622",27858,"M",3,28,23,31,3
"623",27955,"M",4,8,20,31,46
"624",27966,"M",9,2,20,31,3
"625",27984,"M",5,14,22,31,44
"626",28021,"F",10,4,20,31,3
"627",28090,"F",10,28,19,31,3
"628",28112,"M",11,11,19,31,3
"629",28316,"M",1,5,20,31,3
"630",28433,"F",1,26,22,31,37
"631",28454,"M",1,10,22,31,6
"632",28783,"F",7,15,19,31,17
"633",28789,"M",8,5,19,31,3
"634",28790,"M",12,6,20,31,37
"635",28809,"M",5,30,21,31,37
"636",28815,"M",9,21,21,31,53
"637",28817,"M",2,25,23,31,37
"638",28822,"F",4,12,19,31,37
"639",29059,"F",9,26,22,31,6
"640",29139,"F",3,18,20,31,3
"641",29162,"M",1,8,22,31,3
"642",29209,"M",12,21,22,31,3
"643",29221,"F",7,19,19,31,3
"644",29238,"M",5,12,20,31,3
"645",29246,"M",8,1,21,31,28
"646",29253,"M",7,8,21,31,3
"647",29330,"M",1,4,22,31,6
"648",29411,"F",8,28,20,31,37
"649",29447,"F",5,9,20,31,35
"650",29448,"F",11,21,19,31,43
"651",29450,"M",2,13,22,31,35
"652",29451,"F",10,5,20,31,35
"653",29460,"F",2,11,23,31,35
"654",29461,"F",2,21,23,31,35
"655",29470,"F",3,16,20,31,28
"656",29473,"M",7,5,19,31,6
"657",29477,"F",4,26,20,31,28
"658",29480,"F",11,23,19,31,28
"659",29481,"F",4,29,22,31,53
"660",29482,"F",12,2,21,31,28
"661",29483,"F",1,18,21,31,3
"662",29484,"F",9,8,20,31,53
"663",29488,"F",10,29,19,31,28
"664",29496,"F",4,13,20,31,28
"665",29497,"M",11,2,19,31,28
"666",29498,"F",1,28,22,31,28
"667",29512,"F",10,8,22,31,28
"668",29514,"F",8,24,19,31,28
"669",29523,"M",10,2,22,31,6
"670",29536,"F",1,2,22,31,17
"671",29544,"M",2,8,23,31,28
"672",29561,"M",1,10,22,31,27
"673",29562,"F",10,23,22,31,3
"674",29603,"F",12,17,22,31,53
"675",29607,"F",7,15,20,31,53
"676",29609,"F",7,2,20,31,53
"677",29610,"M",9,18,20,31,6
"678",29613,"M",7,27,20,31,6
"679",29614,"F",5,29,19,31,6
"680",29617,"F",5,14,22,31,3
"681",29621,"F",7,22,20,31,6
"682",29625,"M",4,6,22,31,6
"683",29629,"M",1,26,20,31,6
"684",29631,"M",9,21,21,31,6
"685",29633,"F",10,22,19,31,28
"686",29650,"F",1,16,20,31,3
"687",29653,"M",5,12,22,31,3
"688",29659,"M",12,12,21,31,3
"689",29661,"M",8,2,19,31,3
"690",29663,"F",7,2,21,31,3
"691",29665,"F",10,14,20,31,3
"692",29666,"F",10,23,20,31,3
"693",29667,"F",2,14,21,31,3
"694",29668,"M",7,9,19,31,3
"695",29675,"F",2,4,20,31,3
"696",29678,"M",8,13,21,31,46
"697",29679,"M",1,6,20,31,46
"698",29682,"F",4,24,22,31,46
"699",29686,"M",3,13,21,31,46
"700",29687,"M",9,10,22,31,46
"701",29736,"M",9,29,22,31,3
"702",29846,"M",2,16,22,31,3
"703",29864,"M",2,25,21,31,28
"704",29869,"F",9,18,21,31,3
"705",29891,"M",3,10,22,31,6
"706",29924,"M",3,8,22,31,3
"707",29965,"F",7,6,22,31,3
"708",29972,"M",8,20,19,31,46
"709",30014,"F",12,28,19,31,3
"710",30053,"M",2,21,20,31,3
"711",30067,"M",11,21,20,31,37
"712",30199,"F",3,25,21,31,46
"713",30200,"F",5,23,20,31,3
"714",30277,"F",3,27,23,31,27
"715",30279,"M",6,16,19,31,53
"716",30287,"F",1,16,21,31,3
"717",30295,"M",10,18,20,31,53
"718",32142,"F",2,17,25,31,35
"719",32143,"F",9,23,28,31,35
"720",32144,"M",6,2,28,31,35
"721",32145,"F",3,13,29,31,35
"722",32146,"M",7,13,27,31,35
"723",32147,"M",5,16,27,31,35
"724",32148,"F",5,4,26,31,35
"725",32149,"F",1,24,27,31,35
"726",32150,"F",4,8,25,31,35
"727",32151,"M",3,25,26,31,35
"728",32152,"F",12,8,24,31,35
"729",32153,"M",7,4,24,31,35
"730",32154,"M",12,1,23,31,35
"731",32155,"M",10,25,23,31,35
"732",32156,"F",4,20,27,31,35
"733",32157,"M",1,3,28,31,35
"734",32162,"F",9,3,27,31,3
"735",32486,"F",2,18,27,31,28
"736",32487,"F",12,23,28,31,28
"737",32488,"M",5,18,28,31,28
"738",32489,"M",7,10,27,31,28
"739",32490,"F",1,26,28,31,28
"740",32491,"M",3,15,27,31,28
"741",32492,"F",7,15,25,31,28
"742",32493,"F",12,21,25,31,28
"743",32494,"M",3,10,25,31,28
"744",32495,"F",10,26,24,31,28
"745",32496,"F",3,10,25,31,28
"746",32497,"M",11,5,23,31,28
"747",32498,"M",1,7,24,31,28
"748",32499,"M",4,29,25,31,28
"749",32588,"F",12,17,24,31,16
"750",32589,"M",10,25,28,31,28
"751",32590,"M",11,2,28,31,28
"752",32591,"F",10,2,27,31,28
"753",32592,"M",12,1,27,31,28
"754",32593,"F",3,8,27,31,28
"755",32594,"M",1,18,27,31,28
"756",32595,"F",10,29,25,31,28
"757",32596,"F",8,31,25,31,28
"758",32597,"M",10,23,24,31,28
"759",32598,"M",2,20,25,31,28
"760",32599,"M",10,31,23,31,28
"761",32600,"M",5,23,23,31,28
"762",32601,"F",10,22,26,31,28
"763",32602,"M",12,7,28,31,28
"764",32603,"M",2,8,27,31,28
"765",32605,"F",3,22,29,31,37
"766",32606,"M",7,6,28,31,37
"767",32607,"F",6,21,28,31,37
"768",32608,"F",12,31,28,31,37
"769",32609,"F",2,19,28,31,37
"770",32610,"F",3,31,28,31,37
"771",32611,"F",5,14,26,31,37
"772",32612,"F",12,15,26,31,37
"773",32613,"M",5,30,26,31,37
"774",32614,"F",11,7,25,31,37
"775",32615,"F",4,20,25,31,37
"776",32616,"M",3,17,25,31,37
"777",32617,"F",4,16,24,31,37
"778",32618,"F",11,1,24,31,37
"779",32619,"F",7,2,23,31,37
"780",32620,"F",6,28,23,31,37
"781",32621,"M",6,15,23,31,37
"782",32622,"F",2,25,25,31,37
"783",32623,"M",5,29,24,31,37
"784",32624,"M",5,13,27,31,37
"785",32625,"M",2,9,24,31,37
"786",34219,"F",8,4,27,31,6
"787",34220,"F",1,4,29,31,6
"788",34221,"F",1,8,29,31,6
"789",34222,"F",7,21,28,31,6
"790",34223,"M",1,20,29,31,6
"791",34224,"F",1,14,28,31,6
"792",34225,"F",12,2,27,31,49
"793",34226,"M",5,2,27,31,6
"794",34227,"F",2,26,28,31,6
"795",34228,"F",8,1,26,31,6
"796",34229,"F",4,23,26,31,6
"797",34230,"F",3,31,27,31,6
"798",34231,"F",2,22,27,31,6
"799",34232,"F",4,17,25,31,6
"800",34233,"M",1,20,26,31,6
"801",34234,"F",4,4,25,31,6
"802",34235,"F",7,2,25,31,6
"803",34236,"M",6,12,24,31,6
"804",34237,"F",9,16,24,31,6
"805",34238,"F",11,27,24,31,6
"806",34239,"F",9,30,24,31,6
"807",34240,"M",5,21,23,31,6
"808",34241,"F",2,7,24,31,6
"809",34242,"F",6,24,23,31,6
"810",34243,"F",4,9,23,31,6
"811",34244,"M",6,3,24,31,6
"812",34245,"F",4,3,25,31,6
"813",34246,"M",2,27,28,31,6
"814",34247,"M",1,8,24,31,6
"815",34525,"F",7,7,24,31,50
"816",34656,"M",11,26,26,31,3
"817",34657,"M",7,9,23,31,3
"818",34658,"M",5,14,28,31,3
"819",34659,"M",7,24,28,31,3
"820",34660,"F",2,8,29,31,3
"821",34661,"F",12,13,28,31,3
"822",34662,"F",3,9,29,31,3
"823",34663,"F",7,11,27,31,3
"824",34664,"M",8,17,27,31,3
"825",34665,"M",7,28,27,31,3
"826",34666,"M",5,30,27,31,3
"827",34667,"M",8,5,27,31,3
"828",34668,"M",7,24,27,31,3
"829",34669,"F",1,5,27,31,3
"830",34670,"M",5,28,26,31,3
"831",34671,"M",2,26,27,31,3
"832",34672,"M",12,1,26,31,3
"833",34673,"F",7,31,26,31,3
"834",34674,"M",11,21,26,31,3
"835",34675,"F",1,18,26,31,3
"836",34677,"F",9,19,25,31,3
"837",34678,"F",12,3,25,31,3
"838",34679,"F",2,9,26,31,3
"839",34680,"M",10,10,25,31,3
"840",34681,"F",9,20,24,31,3
"841",34682,"F",5,29,24,31,3
"842",34683,"F",12,30,24,31,3
"843",34684,"M",5,4,24,31,3
"844",34685,"M",11,16,24,31,3
"845",34686,"F",10,25,24,31,3
"846",34687,"F",8,7,23,31,3
"847",34688,"F",3,6,24,31,3
"848",34689,"F",3,18,24,31,3
"849",34690,"F",7,1,23,31,3
"850",34691,"M",4,11,23,31,3
"851",34692,"M",12,8,23,31,5
"852",34693,"M",10,17,28,31,3
"853",34694,"F",4,4,25,31,3
"854",34695,"M",2,25,28,31,3
"855",34696,"F",7,20,25,31,3
"856",34697,"M",2,16,24,31,3
"857",34953,"F",10,5,28,31,46
"858",34954,"F",6,25,28,31,46
"859",34955,"M",4,9,28,31,46
"860",34956,"F",3,25,28,31,46
"861",34957,"F",8,31,27,31,46
"862",34958,"M",7,27,27,31,46
"863",34959,"F",5,18,26,31,46
"864",34960,"F",3,10,27,31,46
"865",34961,"F",7,31,26,31,46
"866",34962,"M",1,26,26,31,46
"867",34963,"F",9,21,25,31,46
"868",34964,"F",2,11,26,31,46
"869",34965,"F",1,10,26,31,46
"870",34966,"M",3,18,25,31,46
"871",34967,"M",8,25,24,31,46
"872",34968,"F",11,28,24,31,46
"873",34969,"M",11,16,23,31,46
"874",34970,"M",2,23,24,31,46
"875",34971,"F",9,30,23,31,46
"876",34972,"F",9,5,28,31,46
"877",34973,"M",5,9,28,31,46
"878",34974,"M",6,12,23,31,46
"879",34975,"M",5,6,26,31,3
"880",34976,"F",4,22,28,31,3
"881",34977,"M",7,3,28,31,3
"882",34978,"M",7,11,28,31,3
"883",34979,"F",6,8,28,31,3
"884",34980,"F",7,19,28,31,3
"885",34981,"M",7,18,27,31,3
"886",34982,"M",12,28,27,31,3
"887",34983,"F",12,15,27,31,3
"888",34984,"F",5,21,27,31,3
"889",34985,"M",10,5,27,31,3
"890",34986,"M",5,23,27,31,3
"891",34987,"F",11,6,27,31,3
"892",34988,"F",6,13,27,31,3
"893",34989,"M",7,7,26,31,3
"894",34990,"M",8,12,26,31,3
"895",34991,"F",10,4,26,31,3
"896",34992,"F",9,2,26,31,3
"897",34993,"F",7,14,26,31,3
"898",34994,"F",9,27,26,31,3
"899",34995,"F",11,27,25,31,3
"900",34996,"F",7,4,25,31,3
"901",34997,"M",8,17,25,31,3
"902",34998,"F",5,7,25,31,3
"903",34999,"M",6,2,25,31,3
"904",35000,"F",1,16,26,31,3
"905",35001,"M",5,17,24,31,3
"906",35002,"F",7,25,24,31,3
"907",35003,"M",6,9,24,31,3
"908",35004,"M",5,28,24,31,3
"909",35005,"M",2,7,25,31,3
"910",35006,"F",6,4,24,31,3
"911",35007,"F",5,26,24,31,3
"912",35008,"M",8,4,23,31,3
"913",35009,"M",8,11,23,31,3
"914",35010,"F",7,8,23,31,3
"915",35011,"M",11,9,23,31,3
"916",35012,"F",1,5,24,31,3
"917",35013,"M",12,25,23,31,3
"918",35014,"M",8,27,27,31,3
"919",35015,"M",1,18,28,31,3
"920",35016,"F",5,27,25,31,3
"921",35017,"M",3,15,25,31,5
"922",35106,"F",10,1,27,31,3
"923",35107,"F",1,14,26,31,3
"924",35108,"F",10,1,28,31,3
"925",35109,"M",10,26,28,31,3
"926",35110,"F",7,24,28,31,3
"927",35111,"F",2,1,29,31,3
"928",35112,"M",12,27,28,31,3
"929",35113,"F",7,13,28,31,3
"930",35114,"F",8,29,28,31,3
"931",35115,"M",3,30,29,31,3
"932",35116,"F",1,7,28,31,3
"933",35117,"M",9,18,27,31,3
"934",35118,"F",1,20,28,31,3
"935",35119,"F",5,31,27,31,3
"936",35120,"M",2,23,28,31,29
"937",35121,"F",10,16,27,31,3
"938",35122,"F",2,13,28,31,3
"939",35123,"M",10,28,27,31,3
"940",35124,"F",6,30,27,31,3
"941",35125,"M",7,17,27,31,3
"942",35126,"M",12,27,26,31,3
"943",35127,"F",9,24,26,31,18
"944",35128,"F",2,23,27,31,3
"945",35129,"M",9,7,26,31,3
"946",35130,"M",12,21,26,31,3
"947",35131,"F",9,27,26,31,3
"948",35132,"F",11,26,26,31,3
"949",35133,"M",9,21,26,31,3
"950",35134,"M",2,28,26,31,3
"951",35135,"F",8,6,25,31,3
"952",35136,"F",7,27,25,31,3
"953",35137,"M",7,11,25,31,3
"954",35138,"M",8,17,25,31,3
"955",35140,"F",7,29,25,31,3
"956",35141,"F",3,30,26,31,3
"957",35142,"M",5,23,25,31,3
"958",35143,"M",4,15,25,31,3
"959",35145,"M",1,27,25,31,3
"960",35146,"M",4,21,24,31,3
"961",35147,"F",9,27,24,31,3
"962",35148,"M",4,21,24,31,3
"963",35149,"F",3,24,25,31,3
"964",35150,"M",3,14,25,31,3
"965",35151,"M",1,20,25,31,3
"966",35152,"M",11,3,24,31,3
"967",35153,"M",1,28,25,31,3
"968",35154,"F",2,29,24,31,3
"969",35155,"F",12,26,23,31,3
"970",35156,"M",5,26,23,31,3
"971",35157,"M",6,3,23,31,3
"972",35158,"F",3,11,24,31,3
"973",35159,"M",9,20,23,31,3
"974",35160,"F",1,6,24,31,3
"975",35161,"F",11,26,23,31,3
"976",35162,"F",2,4,24,31,38
"977",35163,"F",3,19,24,31,3
"978",35164,"F",7,31,26,31,3
"979",35165,"M",9,27,28,31,3
"980",35166,"F",11,14,27,31,3
"981",35167,"F",10,26,26,31,3
"982",35168,"M",6,15,25,31,3
"983",35169,"M",3,19,25,31,3
"984",35170,"M",2,7,24,31,3
"985",35171,"F",2,12,29,31,53
"986",35172,"F",3,17,26,31,53
"987",35173,"F",1,1,29,31,53
"988",35174,"M",5,29,28,31,53
"989",35175,"M",4,22,28,31,53
"990",35176,"F",6,28,27,31,53
"991",35177,"M",12,7,27,31,53
"992",35178,"M",3,25,28,31,53
"993",35179,"F",11,8,26,31,53
"994",35180,"F",2,26,27,31,53
"995",35181,"M",3,22,27,31,53
"996",35182,"M",11,13,25,31,53
"997",35183,"F",11,30,25,31,53
"998",35185,"F",9,2,24,31,53
"999",35186,"F",5,31,24,31,53
"1000",35187,"F",10,30,23,31,53
"1001",35188,"M",12,28,23,31,53
"1002",35189,"F",10,24,23,31,53
"1003",35190,"F",11,25,23,31,53
"1004",35191,"F",11,20,28,31,53
"1005",35525,"M",7,18,96,31,35
"1006",35565,"F",8,18,98,31,28
"1007",35566,"F",2,9,98,31,28
"1008",35567,"F",9,15,93,31,28
"1009",35578,"F",3,1,99,31,28
"1010",35579,"M",12,24,96,31,28
"1011",35580,"F",1,17,91,31,28
"1012",35581,"F",1,29,99,31,37
"1013",35582,"F",10,2,95,31,37
"1014",35746,"F",10,23,98,31,6
"1015",35747,"F",11,20,97,31,6
"1016",35748,"F",2,11,94,31,6
"1017",35796,"M",5,4,98,31,3
"1018",35797,"F",2,27,97,31,3
"1019",35798,"F",9,1,94,31,3
"1020",35821,"M",10,10,98,31,46
"1021",35822,"M",12,18,96,31,46
"1022",35823,"M",9,14,98,31,3
"1023",35824,"F",7,16,97,31,5
"1024",35825,"F",8,31,93,31,3
"1025",35833,"F",10,29,98,31,3
"1026",35834,"F",3,20,95,31,3
"1027",35836,"F",12,27,98,31,53
"1028",35837,"F",6,10,95,31,53
